"日期","收盘","开盘","高","低","交易量","涨跌幅"
"2020年6月30日","781.90","777.40","781.90","777.40","0.01K","0.18%"
"2020年6月29日","780.50","776.90","780.50","776.90","0.01K","1.39%"
"2020年6月26日","769.80","781.00","788.10","769.80","0.07K","-0.01%"
"2020年6月25日","769.90","766.60","769.90","766.40","0.03K","0.44%"
"2020年6月24日","766.50","768.10","768.10","766.50","0.04K","-3.06%"
"2020年6月23日","790.70","792.40","795.70","790.70","0.06K","1.67%"
"2020年6月22日","777.70","784.50","787.20","777.70","0.06K","-1.59%"
"2020年6月19日","790.30","790.30","790.30","790.30","-","-1.31%"
"2020年6月18日","800.80","800.80","800.80","800.80","-","1.14%"
"2020年6月16日","791.80","791.80","791.80","791.80","-","2.41%"
"2020年6月11日","773.20","786.60","786.60","773.20","0.10K","-4.59%"
"2020年6月10日","810.40","813.70","816.00","810.40","0.01K","-1.09%"
"2020年6月9日","819.30","813.90","821.50","813.90","0.01K","-2.08%"
"2020年6月5日","836.70","831.00","836.70","826.50","0.06K","3.22%"
"2020年6月4日","810.60","814.00","814.00","810.60","0.00K","0.06%"
"2020年6月3日","810.10","797.30","810.10","797.30","0.03K","3.34%"
"2020年6月2日","783.90","781.30","783.90","780.20","0.05K","2.03%"
"2020年6月1日","768.30","766.10","768.30","766.10","0.01K","2.33%"
"2020年5月29日","750.80","758.60","758.60","750.80","0.01K","-1.50%"
"2020年5月28日","762.20","762.70","763.00","762.20","0.03K","1.15%"
"2020年5月27日","753.50","754.80","754.80","753.50","0.04K","-0.07%"
"2020年5月26日","754.00","755.20","755.20","754.00","0.04K","2.35%"
"2020年5月25日","736.70","731.50","736.70","731.50","0.09K","3.75%"
"2020年5月22日","710.10","702.10","710.10","702.10","0.02K","-0.29%"
"2020年5月21日","712.20","712.20","712.20","712.20","-","-0.39%"
"2020年5月20日","715.00","701.30","715.00","701.30","0.03K","2.20%"
"2020年5月19日","699.60","702.00","702.00","699.60","0.03K","-1.74%"
"2020年5月18日","712.00","698.50","712.00","698.50","0.09K","5.81%"
"2020年5月15日","672.90","676.50","676.50","671.10","0.02K","2.39%"
"2020年5月14日","657.20","669.10","669.10","657.20","0.00K","-3.32%"
"2020年5月13日","679.80","678.30","682.30","678.30","0.04K","-2.83%"
"2020年5月8日","699.60","698.70","701.00","698.70","0.03K","3.31%"
"2020年5月6日","677.20","678.80","680.60","677.20","0.01K","-0.21%"
"2020年5月5日","678.60","676.90","678.60","676.90","0.02K","1.74%"
"2020年5月4日","667.00","667.00","667.00","667.00","-","-3.75%"
"2020年4月30日","693.00","722.70","722.70","693.00","0.01K","-2.22%"
"2020年4月29日","708.70","687.00","708.70","687.00","0.01K","3.79%"
"2020年4月28日","682.80","682.80","682.80","682.80","-","0.87%"
"2020年4月27日","676.90","675.40","676.90","671.60","0.01K","1.06%"
"2020年4月24日","669.80","669.80","669.80","669.80","-","-0.06%"
"2020年4月23日","670.20","670.20","670.20","670.20","-","1.03%"
"2020年4月22日","663.40","663.40","663.40","663.40","-","1.36%"
"2020年4月21日","654.50","663.60","665.80","654.50","0.06K","-2.98%"
"2020年4月20日","674.60","670.00","674.60","663.40","0.10K","-0.43%"
"2020年4月17日","677.50","673.40","677.50","673.40","0.01K","3.67%"
"2020年4月16日","653.50","656.60","656.60","652.50","0.01K","0.69%"
"2020年4月15日","649.00","653.40","653.40","649.00","0.14K","-5.02%"
"2020年4月14日","683.30","683.50","686.40","683.30","0.07K","1.70%"
"2020年4月9日","671.90","678.80","678.80","666.00","0.02K","0.84%"
"2020年4月8日","666.30","656.20","666.30","656.20","0.03K","0.39%"
"2020年4月7日","663.70","672.20","676.60","662.00","0.06K","2.92%"
"2020年4月6日","644.90","644.90","644.90","644.90","-","5.88%"
"2020年4月3日","609.10","616.50","616.50","609.10","0.14K","-0.43%"
"2020年4月2日","611.70","612.90","612.90","611.70","0.00K","-0.62%"
"2020年4月1日","615.50","622.10","622.10","615.50","0.02K","-5.03%"
"2020年3月31日","648.10","646.20","650.30","639.10","0.02K","0.33%"
"2020年3月27日","646.00","660.80","662.00","646.00","0.03K","-3.44%"
"2020年3月26日","669.00","636.20","669.00","636.20","0.08K","7.50%"
"2020年3月25日","622.30","624.40","624.60","605.90","0.02K","10.36%"
"2020年3月23日","563.90","573.00","573.00","560.60","0.07K","-5.23%"
"2020年3月20日","595.00","583.50","597.80","580.00","0.14K","9.01%"
"2020年3月18日","545.80","555.70","558.50","540.10","0.08K","-13.37%"
"2020年3月13日","630.00","644.60","673.10","619.50","0.23K","-0.46%"
"2020年3月12日","632.90","678.80","679.50","631.00","0.19K","-12.39%"
"2020年3月11日","722.40","742.60","742.60","722.40","0.20K","-1.47%"
"2020年3月10日","733.20","747.30","767.20","733.20","0.59K","-1.16%"
"2020年3月9日","741.80","740.00","752.20","740.00","0.24K","-7.02%"
"2020年3月6日","797.80","806.80","809.00","792.70","0.19K","-4.26%"
"2020年3月5日","833.30","854.20","854.20","828.90","0.15K","-1.77%"
"2020年3月4日","848.30","847.20","853.50","843.40","0.16K","0.17%"
"2020年3月3日","846.90","858.50","864.50","846.90","0.19K","1.38%"
"2020年3月2日","835.40","855.00","858.00","818.00","0.82K","-0.38%"
"2020年2月28日","838.60","838.50","845.00","829.30","0.49K","-4.14%"
"2020年2月27日","874.80","880.80","884.50","859.40","0.20K","-2.77%"
"2020年2月26日","899.70","891.80","901.40","876.30","0.25K","-0.16%"
"2020年2月25日","901.10","916.90","916.90","901.00","0.14K","-1.62%"
"2020年2月24日","915.90","923.70","924.40","909.80","0.21K","-3.99%"
"2020年2月21日","954.00","956.80","962.30","953.20","0.09K","-1.31%"
"2020年2月20日","966.70","967.30","972.70","966.70","0.05K","0.37%"
"2020年2月19日","963.10","962.90","963.10","961.70","0.03K","0.70%"
"2020年2月18日","956.40","956.90","960.30","956.40","0.02K","-0.73%"
"2020年2月17日","963.40","962.70","963.40","962.70","0.01K","-0.16%"
"2020年2月14日","964.90","967.10","967.30","964.90","0.02K","-0.07%"
"2020年2月13日","965.60","967.60","967.60","962.90","0.07K","-0.80%"
"2020年2月12日","973.40","975.20","975.20","973.30","0.04K","0.16%"
"2020年2月11日","971.80","971.80","971.80","971.80","-","0.79%"
"2020年2月10日","964.20","964.90","967.50","962.00","0.05K","-0.17%"
"2020年2月7日","965.80","969.00","969.00","965.70","0.01K","-0.32%"
"2020年2月6日","968.90","975.80","976.60","967.70","0.07K","-0.03%"
"2020年2月5日","969.20","964.00","972.60","964.00","0.13K","0.82%"
"2020年2月4日","961.30","951.40","961.30","951.40","0.01K","1.54%"
"2020年2月3日","946.70","941.60","947.20","941.60","0.02K","0.68%"
"2020年1月31日","940.30","948.80","950.10","940.30","0.07K","-1.07%"
"2020年1月30日","950.50","951.50","952.00","949.30","0.06K","-1.70%"
"2020年1月29日","966.90","955.00","966.90","955.00","0.09K","1.35%"
"2020年1月28日","954.00","948.80","955.50","944.20","0.11K","0.97%"
"2020年1月27日","944.80","954.70","955.00","944.30","0.10K","-2.67%"
"2020年1月24日","970.70","964.30","972.80","964.30","0.09K","1.73%"
"2020年1月23日","954.20","958.00","958.40","953.20","0.06K","-0.52%"
"2020年1月22日","959.20","963.90","965.20","959.20","0.03K","-0.09%"
"2020年1月21日","960.10","954.10","960.10","954.10","0.02K","-0.48%"
"2020年1月20日","964.70","965.10","965.30","963.40","0.06K","0.15%"
"2020年1月17日","963.30","963.20","964.40","962.40","0.05K","1.01%"
"2020年1月16日","953.70","954.90","955.90","951.70","0.05K","0.41%"
"2020年1月15日","949.80","952.10","952.10","947.90","0.07K","-0.04%"
"2020年1月14日","950.20","940.00","950.20","939.40","0.04K","0.65%"
"2020年1月13日","944.10","947.60","947.60","943.70","0.03K","-0.24%"
"2020年1月10日","946.40","946.70","947.60","946.40","0.03K","-0.26%"
"2020年1月9日","948.90","951.00","951.00","948.50","0.08K","0.52%"
"2020年1月8日","944.00","934.70","944.10","934.40","0.08K","0.61%"
"2020年1月7日","938.30","941.90","943.70","936.90","0.08K","0.09%"
"2020年1月6日","937.50","928.80","937.60","928.80","0.05K","-0.42%"
"2020年1月3日","941.50","940.40","941.50","936.60","0.09K","-0.75%"
"2020年1月2日","948.60","946.10","950.30","945.30","0.04K","0.72%"
"2019年12月30日","941.80","942.50","942.50","941.80","0.00K","-0.43%"
"2019年12月27日","945.90","947.80","947.80","945.90","0.02K","-0.01%"
"2019年12月23日","946.00","944.30","946.20","944.30","0.03K","0.13%"
"2019年12月20日","944.80","939.00","944.80","939.00","0.02K","1.22%"
"2019年12月19日","933.40","933.40","933.40","933.40","-","-0.65%"
"2019年12月18日","939.50","937.90","939.50","937.90","0.14K","-0.19%"
"2019年12月17日","941.30","939.70","941.30","939.70","0.23K","0.51%"
"2019年12月13日","936.50","944.10","944.70","934.20","0.12K","0.28%"
"2019年12月12日","933.90","932.70","935.50","926.50","0.27K","0.41%"
"2019年12月11日","930.10","926.20","930.10","926.20","0.13K","0.53%"
"2019年12月10日","925.20","921.90","925.40","917.40","0.13K","-0.56%"
"2019年12月9日","930.40","934.30","934.30","930.40","0.04K","-0.44%"
"2019年12月6日","934.50","930.00","934.50","927.60","0.05K","0.39%"
"2019年12月5日","930.90","933.20","933.20","930.90","0.01K","0.29%"
"2019年12月4日","928.20","925.70","928.50","924.80","0.06K","1.44%"
"2019年12月3日","915.00","919.20","919.20","912.20","0.10K","-0.54%"
"2019年12月2日","920.00","942.10","942.30","920.00","0.12K","-1.67%"
"2019年11月29日","935.60","931.40","936.30","931.40","0.02K","-0.14%"
"2019年11月28日","936.90","936.50","937.10","936.20","0.03K","-0.55%"
"2019年11月27日","942.10","942.10","942.10","942.10","-","-0.14%"
"2019年11月26日","943.40","935.70","943.40","934.90","0.02K","0.72%"
"2019年11月25日","936.70","934.50","936.70","933.50","0.05K","0.49%"
"2019年11月22日","932.10","928.30","932.10","928.30","0.02K","0.27%"
"2019年11月21日","929.60","928.30","931.20","927.10","0.09K","-0.27%"
"2019年11月20日","932.10","932.60","932.60","932.10","0.03K","-0.37%"
"2019年11月19日","935.60","941.80","943.00","935.60","0.02K","0.55%"
"2019年11月18日","930.50","940.70","940.70","930.50","0.05K","-0.86%"
"2019年11月15日","938.60","934.80","938.60","934.20","0.05K","0.26%"
"2019年11月14日","936.20","935.90","936.20","933.30","0.01K","0.70%"
"2019年11月13日","929.70","935.00","935.00","929.70","0.02K","-0.85%"
"2019年11月12日","937.70","931.50","938.30","931.50","0.19K","0.88%"
"2019年11月11日","929.50","927.50","930.60","926.90","0.09K","0.42%"
"2019年11月8日","925.60","927.70","928.70","925.20","0.09K","-0.42%"
"2019年11月7日","929.50","927.30","930.70","927.30","0.05K","1.02%"
"2019年11月6日","920.10","920.20","924.20","919.90","0.05K","0.26%"
"2019年11月5日","917.70","917.90","920.20","917.10","0.04K","-0.08%"
"2019年11月4日","918.40","915.20","918.90","914.80","0.12K","1.35%"
"2019年11月1日","906.20","900.20","906.20","900.10","0.03K","1.13%"
"2019年10月31日","896.10","902.30","902.30","896.10","0.04K","-0.62%"
"2019年10月30日","901.70","894.60","901.70","894.20","0.01K","0.30%"
"2019年10月29日","899.00","897.20","902.10","896.60","0.12K","0.09%"
"2019年10月28日","898.20","893.00","900.10","891.00","0.16K","0.75%"
"2019年10月25日","891.50","884.70","891.50","884.70","0.14K","0.58%"
"2019年10月24日","886.40","885.20","886.40","880.80","0.04K","0.58%"
"2019年10月23日","881.30","878.10","881.30","876.50","0.02K","0.15%"
"2019年10月22日","880.00","879.10","880.40","876.90","0.05K","0.06%"
"2019年10月21日","879.50","875.10","879.70","872.20","0.08K","1.17%"
"2019年10月18日","869.30","873.80","875.20","868.20","0.10K","-0.47%"
"2019年10月17日","873.40","872.40","882.40","872.40","0.10K","-0.10%"
"2019年10月16日","874.30","870.90","874.40","870.60","0.04K","0.00%"
"2019年10月15日","874.30","872.80","877.90","868.50","0.15K","0.68%"
"2019年10月14日","868.40","864.60","868.40","863.00","0.06K","-0.18%"
"2019年10月11日","870.00","857.90","870.00","857.80","0.11K","1.79%"
"2019年10月10日","854.70","846.60","854.70","843.70","0.16K","0.83%"
"2019年10月9日","847.70","843.40","852.10","843.40","0.13K","0.56%"
"2019年10月8日","843.00","849.70","849.70","840.10","0.07K","-1.06%"
"2019年10月7日","852.00","845.60","852.30","845.60","0.02K","0.82%"
"2019年10月4日","845.10","846.30","846.30","842.00","0.08K","0.24%"
"2019年10月3日","843.10","845.80","847.00","839.40","0.05K","0.27%"
"2019年10月2日","840.80","849.90","849.90","838.90","0.21K","-2.20%"
"2019年10月1日","859.70","877.60","877.60","859.70","0.10K","-1.55%"
"2019年9月30日","873.20","868.20","873.20","868.20","0.05K","0.54%"
"2019年9月27日","868.50","871.10","871.10","868.50","0.10K","0.32%"
"2019年9月26日","865.70","865.50","865.80","865.50","0.03K","1.24%"
"2019年9月25日","855.10","850.70","855.10","850.40","0.06K","-0.75%"
"2019年9月24日","861.60","863.10","864.40","861.60","0.09K","-0.01%"
"2019年9月23日","861.70","869.00","869.00","861.20","0.12K","-1.46%"
"2019年9月20日","874.50","876.90","876.90","874.30","0.05K","-0.68%"
"2019年9月19日","880.50","877.20","880.50","877.20","0.19K","0.50%"
"2019年9月17日","876.10","875.70","876.10","875.70","0.14K","-0.25%"
"2019年9月16日","878.30","878.30","878.30","878.30","-","-1.10%"
"2019年9月13日","888.10","888.40","889.00","887.30","0.05K","-0.07%"
"2019年9月12日","888.70","884.90","891.10","882.30","0.15K","0.94%"
"2019年9月11日","880.40","878.50","882.60","878.50","0.10K","0.84%"
"2019年9月10日","873.10","875.40","877.10","872.80","0.13K","-0.66%"
"2019年9月9日","878.90","879.50","879.60","878.90","0.05K","-0.08%"
"2019年9月6日","879.60","875.90","879.70","875.90","0.05K","0.76%"
"2019年9月5日","873.00","872.00","875.10","872.00","0.17K","1.32%"
"2019年9月4日","861.60","857.70","861.60","857.70","0.08K","1.84%"
"2019年9月3日","846.00","852.10","852.10","846.00","0.04K","-1.15%"
"2019年9月2日","855.80","855.10","856.00","853.70","0.02K","0.08%"
"2019年8月30日","855.10","853.80","855.80","853.80","0.02K","1.45%"
"2019年8月29日","842.90","836.60","845.20","835.60","0.50K","1.93%"
"2019年8月28日","826.90","831.60","831.60","822.40","0.05K","-1.14%"
"2019年8月27日","836.40","831.20","836.50","831.20","0.06K","0.92%"
"2019年8月26日","828.80","825.30","832.90","825.30","0.03K","-0.66%"
"2019年8月23日","834.30","843.60","843.60","834.30","0.07K","-0.50%"
"2019年8月22日","838.50","844.10","844.20","838.50","0.11K","-0.99%"
"2019年8月21日","846.90","839.40","846.90","839.40","0.05K","2.12%"
"2019年8月20日","829.30","837.50","837.50","828.70","0.02K","-0.30%"
"2019年8月19日","831.80","830.40","834.90","826.90","0.10K","1.40%"
"2019年8月16日","820.30","815.20","820.30","815.10","0.09K","1.43%"
"2019年8月15日","808.70","807.50","814.60","805.00","0.11K","-1.09%"
"2019年8月14日","817.60","832.60","832.90","816.90","0.09K","-2.49%"
"2019年8月13日","838.50","825.50","838.50","821.90","0.10K","0.47%"
"2019年8月12日","834.60","843.50","843.50","829.30","0.01K","0.23%"
"2019年8月9日","832.70","839.30","841.00","832.70","0.03K","-0.92%"
"2019年8月8日","840.40","834.10","840.40","833.00","0.08K","1.93%"
"2019年8月7日","824.50","824.30","829.90","821.90","0.12K","-0.16%"
"2019年8月6日","825.80","823.80","829.20","823.80","0.09K","0.16%"
"2019年8月5日","824.50","826.00","826.00","821.00","0.06K","-1.95%"
"2019年8月2日","840.90","853.00","853.00","840.90","0.29K","-3.02%"
"2019年8月1日","867.10","866.20","867.10","862.90","0.16K","-0.24%"
"2019年7月31日","869.20","869.70","869.70","869.20","0.00K","0.13%"
"2019年7月30日","868.10","880.10","880.50","868.10","0.03K","-1.85%"
"2019年7月29日","884.50","887.60","889.10","884.50","0.02K","-0.30%"
"2019年7月26日","887.20","887.20","887.20","887.20","-","0.17%"
"2019年7月25日","885.70","896.50","896.50","881.30","0.02K","-0.49%"
"2019年7月24日","890.10","886.90","890.10","884.30","0.09K","0.12%"
"2019年7月23日","889.00","881.30","889.00","881.30","0.05K","1.54%"
"2019年7月22日","875.50","874.30","875.50","874.30","0.01K","0.42%"
"2019年7月19日","871.80","875.80","875.80","871.80","0.01K","0.44%"
"2019年7月18日","868.00","867.20","870.60","866.50","0.01K","-0.70%"
"2019年7月17日","874.10","877.80","877.90","872.70","0.01K","-0.31%"
"2019年7月16日","876.80","873.40","877.90","873.40","0.01K","0.56%"
"2019年7月15日","871.90","874.20","874.20","867.20","0.03K","0.67%"
"2019年7月12日","866.10","861.20","867.10","860.60","0.05K","0.50%"
"2019年7月11日","861.80","865.00","868.00","860.00","0.25K","-0.45%"
"2019年7月10日","865.70","863.30","869.10","863.30","0.03K","0.27%"
"2019年7月9日","863.40","865.30","865.30","862.90","0.01K","-0.58%"
"2019年7月8日","868.40","872.10","872.10","868.40","0.01K","-0.41%"
"2019年7月5日","872.00","880.60","880.60","870.40","0.09K","-1.75%"
"2019年7月4日","887.50","885.90","887.50","885.90","0.02K","0.12%"
"2019年7月3日","886.40","884.10","886.40","883.50","0.10K","0.82%"
"2019年7月2日","879.20","882.10","882.10","876.20","0.02K","-0.09%"
"2019年7月1日","880.00","885.30","885.30","880.00","0.02K","0.67%"
"2019年6月28日","874.10","867.40","874.10","867.40","0.01K","0.66%"
"2019年6月27日","868.40","872.50","872.50","863.50","0.04K","-0.20%"
"2019年6月26日","870.10","871.30","871.30","870.10","0.01K","-0.41%"
"2019年6月25日","873.70","872.00","874.30","872.00","0.06K","0.25%"
"2019年6月24日","871.50","876.60","876.60","871.50","0.04K","-0.40%"
"2019年6月21日","875.00","880.50","880.50","875.00","0.00K","-0.47%"
"2019年6月20日","879.10","878.30","881.00","877.00","0.10K","0.41%"
"2019年6月19日","875.50","875.80","875.80","875.50","0.05K","0.24%"
"2019年6月18日","873.40","862.00","873.40","862.00","0.08K","2.52%"
"2019年6月14日","851.90","851.60","853.00","851.50","0.04K","-0.90%"
"2019年6月13日","859.60","858.60","859.60","858.30","0.08K","0.59%"
"2019年6月12日","854.60","852.40","854.60","850.70","1.01K","-0.33%"
"2019年6月11日","857.40","856.70","860.50","856.70","0.09K","1.26%"
"2019年6月7日","846.70","844.30","846.70","840.90","0.07K","1.01%"
"2019年6月6日","838.20","843.10","843.10","838.20","0.10K","0.29%"
"2019年6月5日","835.80","840.50","840.50","833.50","0.05K","0.49%"
"2019年6月4日","831.70","826.50","831.70","825.50","0.03K","1.18%"
"2019年6月3日","822.00","810.10","822.00","808.20","0.05K","0.81%"
"2019年5月31日","815.40","814.80","815.40","810.80","0.02K","-1.40%"
"2019年5月30日","827.00","827.00","827.00","827.00","-","0.72%"
"2019年5月29日","821.10","831.40","831.40","821.10","0.02K","-2.15%"
"2019年5月28日","839.10","837.30","841.20","837.30","0.02K","0.11%"
"2019年5月27日","838.20","844.00","844.00","838.00","0.04K","0.20%"
"2019年5月24日","836.50","836.90","839.50","836.50","0.01K","0.61%"
"2019年5月23日","831.40","838.10","838.70","828.70","0.03K","-1.91%"
"2019年5月22日","847.60","850.90","850.90","842.20","0.03K","0.07%"
"2019年5月21日","847.00","843.90","847.60","843.90","0.10K","0.74%"
"2019年5月20日","840.80","847.90","847.90","840.80","0.02K","-1.02%"
"2019年5月17日","849.50","850.40","850.40","849.50","0.10K","-0.32%"
"2019年5月16日","852.20","840.50","852.20","839.10","0.08K","1.54%"
"2019年5月15日","839.30","836.00","839.30","831.00","0.17K","0.48%"
"2019年5月14日","835.30","830.70","835.30","830.70","0.11K","1.66%"
"2019年5月13日","821.70","829.20","829.20","821.10","0.04K","-1.66%"
"2019年5月10日","835.60","835.60","835.60","835.60","-","0.52%"
"2019年5月9日","831.30","838.60","838.60","830.90","0.04K","-1.97%"
"2019年5月8日","848.00","844.20","851.00","844.20","0.03K","1.39%"
"2019年5月7日","836.40","851.10","851.10","836.40","0.02K","-1.36%"
"2019年5月6日","847.90","841.00","847.90","839.00","0.03K","-1.13%"
"2019年5月3日","857.60","857.30","857.60","857.30","0.00K","-0.22%"
"2019年5月2日","859.50","864.40","864.40","858.50","0.14K","-0.93%"
"2019年4月30日","867.60","869.80","871.60","867.00","0.03K","-0.20%"
"2019年4月29日","869.30","866.80","869.90","866.80","0.03K","0.46%"
"2019年4月26日","865.30","861.60","865.30","861.60","0.01K","0.57%"
"2019年4月25日","860.40","864.10","864.70","859.70","0.07K","-0.22%"
"2019年4月24日","862.30","860.10","866.40","860.10","0.04K","0.41%"
"2019年4月23日","858.80","853.90","858.80","853.40","0.01K","0.14%"
"2019年4月18日","857.60","849.80","858.50","847.40","0.04K","1.17%"
"2019年4月17日","847.70","845.60","848.40","845.60","0.01K","0.38%"
"2019年4月16日","844.50","841.20","844.50","841.10","0.05K","0.60%"
"2019年4月15日","839.50","839.60","841.50","838.40","0.08K","0.29%"
"2019年4月12日","837.10","831.20","837.10","831.20","0.01K","0.64%"
"2019年4月11日","831.80","832.00","832.00","831.80","0.00K","0.27%"
"2019年4月10日","829.60","829.60","829.60","829.60","-","0.29%"
"2019年4月9日","827.20","832.90","832.90","827.20","0.00K","-0.76%"
"2019年4月8日","833.50","832.20","833.50","832.20","0.00K","-0.30%"
"2019年4月5日","836.00","835.40","836.00","834.70","0.02K","0.46%"
"2019年4月4日","832.20","830.40","832.20","829.80","0.05K","-0.16%"
"2019年4月3日","833.50","826.90","833.50","826.90","0.10K","1.58%"
"2019年4月2日","820.50","816.10","820.50","815.90","0.02K","0.33%"
"2019年4月1日","817.80","812.00","817.80","811.40","0.06K","1.79%"
"2019年3月29日","803.40","806.20","806.20","802.30","0.01K","0.51%"
"2019年3月28日","799.30","799.20","802.00","798.90","0.02K","0.47%"
"2019年3月27日","795.60","799.30","802.30","794.00","0.11K","-0.44%"
"2019年3月26日","799.10","788.30","799.10","786.50","0.06K","1.42%"
"2019年3月25日","787.90","784.90","789.80","782.20","0.06K","-0.30%"
"2019年3月22日","790.30","813.30","813.30","790.20","0.12K","-2.59%"
"2019年3月21日","811.30","811.00","811.80","806.80","0.02K","-0.32%"
"2019年3月20日","813.90","819.70","819.70","813.40","0.01K","-0.99%"
"2019年3月19日","822.00","820.00","822.30","820.00","0.02K","1.66%"
"2019年3月18日","808.60","811.50","811.80","808.60","0.06K","0.51%"
"2019年3月14日","804.50","804.50","804.50","804.50","-","1.09%"
"2019年3月12日","795.80","798.80","798.80","795.80","0.08K","1.18%"
"2019年3月11日","786.50","786.50","786.50","786.50","-","0.50%"
"2019年3月8日","782.60","800.20","800.40","782.60","0.09K","-2.76%"
"2019年3月7日","804.80","804.90","808.20","804.80","0.06K","-0.98%"
"2019年3月6日","812.80","813.20","816.10","812.80","0.16K","0.02%"
"2019年3月5日","812.60","813.20","813.20","811.10","0.02K","-0.44%"
"2019年3月4日","816.20","816.40","819.10","816.20","0.14K","0.34%"
"2019年3月1日","813.40","814.70","814.70","812.00","0.10K","1.21%"
"2019年2月27日","803.70","803.70","803.70","803.70","-","-0.61%"
"2019年2月26日","808.60","804.50","809.90","804.50","0.03K","0.10%"
"2019年2月25日","807.80","809.30","809.30","805.80","0.04K","0.40%"
"2019年2月22日","804.60","804.80","804.80","803.10","0.03K","0.75%"
"2019年2月21日","798.60","799.80","799.80","797.70","0.04K","-0.06%"
"2019年2月20日","799.10","798.60","799.10","798.60","0.00K","0.44%"
"2019年2月19日","795.60","792.70","795.60","789.70","0.04K","0.08%"
"2019年2月18日","795.00","794.50","795.10","794.30","0.05K","0.48%"
"2019年2月15日","791.20","776.70","793.30","776.70","0.21K","1.06%"
"2019年2月14日","782.90","782.10","785.90","780.80","0.13K","1.64%"
"2019年2月13日","770.30","771.40","772.60","768.10","0.02K","0.47%"
"2019年2月12日","766.70","766.70","766.70","766.70","-","0.60%"
"2019年2月11日","762.10","760.70","762.10","758.20","0.02K","1.55%"
"2019年2月8日","750.50","761.50","761.50","749.00","0.13K","-1.72%"
"2019年2月7日","763.60","778.50","778.80","763.60","0.04K","-2.35%"
"2019年2月5日","782.00","776.50","782.00","776.50","0.02K","1.88%"
"2019年2月4日","767.60","769.60","771.90","767.10","0.05K","0.07%"
"2019年2月1日","767.10","773.70","774.10","764.70","0.17K","-0.21%"
"2019年1月31日","768.70","776.50","776.50","768.70","0.02K","-0.32%"
"2019年1月30日","771.20","769.50","772.50","764.70","0.07K","-0.44%"
"2019年1月29日","774.60","772.20","776.60","772.00","0.04K","0.78%"
"2019年1月28日","768.60","770.90","770.90","767.60","0.04K","-0.56%"
"2019年1月25日","772.90","772.30","772.90","772.30","0.03K","1.46%"
"2019年1月24日","761.80","757.10","762.00","757.10","0.03K","0.59%"
"2019年1月23日","757.30","757.30","757.30","757.30","-","0.00%"
"2019年1月22日","757.30","757.70","757.70","757.30","0.00K","-0.76%"
"2019年1月21日","763.10","762.20","763.10","761.50","0.01K","0.53%"
"2019年1月18日","759.10","749.40","760.30","749.40","0.05K","2.08%"
"2019年1月17日","743.60","739.90","743.80","739.70","0.01K","0.22%"
"2019年1月16日","742.00","742.90","742.90","742.00","0.01K","0.95%"
"2019年1月15日","735.00","740.90","740.90","733.60","0.01K","0.52%"
"2019年1月14日","731.20","732.40","732.40","731.20","0.00K","-0.45%"
"2019年1月11日","734.50","736.60","736.60","734.50","0.00K","-0.20%"
"2019年1月10日","736.00","732.80","736.20","732.80","0.01K","-0.77%"
"2019年1月9日","741.70","744.20","746.60","741.70","0.02K","0.80%"
"2019年1月8日","735.80","725.40","738.40","724.60","0.02K","2.51%"
"2019年1月7日","717.80","717.70","717.80","717.30","0.00K","-0.50%"
"2019年1月4日","721.40","702.20","722.30","701.80","0.03K","3.29%"
"2019年1月3日","698.40","708.50","708.50","694.30","0.05K","-1.09%"
"2019年1月2日","706.10","706.10","706.10","706.10","-","-0.25%"
"2018年12月28日","707.90","704.00","708.30","704.00","0.00K","2.11%"
"2018年12月27日","693.30","706.00","706.00","693.30","0.02K","-1.81%"
"2018年12月21日","706.10","706.10","706.10","706.10","-","-0.13%"
"2018年12月20日","707.00","711.50","711.50","707.00","0.09K","-2.74%"
"2018年12月19日","726.90","726.80","726.90","726.80","0.11K","-0.60%"
"2018年12月18日","731.30","732.50","732.50","731.30","0.05K","-1.15%"
"2018年12月14日","739.80","736.70","739.80","736.70","0.10K","-1.29%"
"2018年12月13日","749.50","749.00","750.50","748.80","0.10K","0.04%"
"2018年12月12日","749.20","741.90","749.60","741.50","0.01K","1.83%"
"2018年12月11日","735.70","727.40","737.90","727.40","0.01K","1.90%"
"2018年12月10日","722.00","730.00","730.00","722.00","0.02K","-2.62%"
"2018年12月7日","741.40","738.20","743.00","738.20","0.15K","0.53%"
"2018年12月6日","737.50","741.00","741.00","732.30","0.22K","-4.59%"
"2018年12月4日","773.00","773.00","773.00","773.00","-","-1.50%"
"2018年12月3日","784.80","785.00","786.10","784.80","0.04K","1.57%"
"2018年11月30日","772.70","770.30","772.90","770.00","0.03K","-0.34%"
"2018年11月29日","775.30","772.30","776.80","771.40","0.07K","1.60%"
"2018年11月27日","763.10","771.30","771.30","763.10","0.01K","-0.40%"
"2018年11月26日","766.20","765.80","767.60","765.80","0.02K","1.27%"
"2018年11月23日","756.60","753.60","756.60","753.60","0.01K","0.07%"
"2018年11月22日","756.10","754.60","756.10","754.60","0.00K","-0.40%"
"2018年11月21日","759.10","752.70","759.20","752.30","0.02K","1.08%"
"2018年11月20日","751.00","753.30","755.60","744.90","0.09K","-2.48%"
"2018年11月19日","770.10","770.10","770.10","770.10","-","-0.21%"
"2018年11月16日","771.70","772.90","773.90","769.10","0.01K","-0.16%"
"2018年11月15日","772.90","779.40","780.60","769.00","0.02K","-1.20%"
"2018年11月14日","782.30","774.80","787.80","772.70","0.01K","0.14%"
"2018年11月13日","781.20","785.80","785.80","780.70","0.01K","-0.01%"
"2018年11月12日","781.30","787.40","787.40","778.90","0.03K","-0.80%"
"2018年11月9日","787.60","788.30","788.80","787.60","0.02K","-1.07%"
"2018年11月8日","796.10","798.70","798.70","796.10","0.00K","-0.19%"
"2018年11月7日","797.60","798.20","798.20","796.00","0.01K","0.81%"
"2018年11月6日","791.20","791.40","791.40","791.00","0.01K","0.36%"
"2018年11月5日","788.40","792.80","792.80","788.40","0.01K","-1.93%"
"2018年11月2日","803.90","806.50","806.50","802.30","0.03K","1.36%"
"2018年11月1日","793.10","797.30","797.30","790.70","0.04K","-0.11%"
"2018年10月31日","794.00","790.60","794.00","790.60","0.00K","2.12%"
"2018年10月30日","777.50","775.80","777.50","773.40","0.01K","-1.01%"
"2018年10月29日","785.40","789.00","789.10","785.40","0.01K","1.78%"
"2018年10月26日","771.70","765.00","771.70","765.00","0.01K","-1.18%"
"2018年10月25日","780.90","769.60","784.00","769.60","0.03K","2.04%"
"2018年10月24日","765.30","770.00","776.60","763.80","0.02K","0.03%"
"2018年10月23日","765.10","770.20","770.20","761.90","0.05K","-3.04%"
"2018年10月22日","789.10","786.30","789.10","786.30","0.04K","0.96%"
"2018年10月19日","781.60","791.50","791.50","779.20","0.04K","-1.00%"
"2018年10月18日","789.50","803.70","803.70","789.50","0.02K","-1.50%"
"2018年10月17日","801.50","806.00","806.00","800.60","0.02K","0.28%"
"2018年10月16日","799.30","786.50","799.30","786.40","0.05K","2.42%"
"2018年10月15日","780.40","776.10","781.20","774.40","0.07K","-0.40%"
"2018年10月12日","783.50","788.10","789.90","783.00","0.04K","0.75%"
"2018年10月11日","777.70","781.10","786.80","777.70","0.16K","-1.63%"
"2018年10月10日","790.60","816.20","816.20","790.60","0.06K","-2.80%"
"2018年10月9日","813.40","821.80","822.30","809.30","0.26K","-0.74%"
"2018年10月8日","819.50","831.90","831.90","819.00","0.05K","-1.59%"
"2018年10月5日","832.70","836.00","836.70","832.70","0.06K","-1.61%"
"2018年10月4日","846.30","848.30","850.40","846.30","0.06K","-0.41%"
"2018年10月2日","849.80","852.00","852.00","848.50","0.04K","-1.44%"
"2018年10月1日","862.20","863.90","864.40","862.20","0.03K","-0.12%"
"2018年9月28日","863.20","867.00","867.00","862.40","0.02K","-0.76%"
"2018年9月27日","869.80","860.40","870.00","858.90","0.01K","0.73%"
"2018年9月26日","863.50","862.80","863.50","861.10","0.23K","0.00%"
"2018年9月25日","863.50","865.10","866.00","863.50","0.02K","0.05%"
"2018年9月24日","863.10","865.10","865.20","862.80","0.04K","-0.21%"
"2018年9月21日","864.90","864.50","867.00","862.20","0.04K","0.42%"
"2018年9月20日","861.30","861.30","861.30","861.30","-","0.00%"
"2018年9月19日","861.30","861.40","861.40","861.30","0.10K","0.27%"
"2018年9月18日","859.00","858.90","859.10","858.70","0.43K","0.22%"
"2018年9月17日","857.10","856.60","857.10","856.60","0.04K","0.27%"
"2018年9月14日","854.80","855.90","857.40","854.80","0.03K","-0.58%"
"2018年9月13日","859.80","860.30","860.30","859.80","0.00K","0.07%"
"2018年9月12日","859.20","860.60","860.60","857.30","0.01K","0.85%"
"2018年9月11日","852.00","846.90","852.00","846.90","0.00K","0.53%"
"2018年9月10日","847.50","849.10","849.10","847.50","0.01K","-0.32%"
"2018年9月6日","850.20","844.50","851.10","844.50","0.02K","0.24%"
"2018年9月5日","848.20","856.70","856.70","848.20","0.00K","-1.29%"
"2018年9月4日","859.30","869.80","869.80","858.40","0.02K","-0.98%"
"2018年9月3日","867.80","867.10","868.40","867.10","0.02K","-0.34%"
"2018年8月31日","870.80","870.80","870.80","870.80","-","-0.98%"
"2018年8月30日","879.40","879.20","879.40","879.20","0.00K","1.55%"
"2018年8月24日","866.00","866.00","866.00","866.00","-","0.27%"
"2018年8月23日","863.70","863.70","863.70","863.70","-","0.33%"
"2018年8月22日","860.90","860.90","860.90","860.90","-","1.73%"
"2018年8月16日","846.30","847.10","847.10","845.00","0.03K","-0.98%"
"2018年8月14日","854.70","857.40","857.40","854.70","0.01K","-1.08%"
"2018年8月9日","864.00","864.40","864.40","864.00","0.01K","-0.06%"
"2018年8月7日","864.50","859.20","864.80","859.20","0.04K","1.08%"
"2018年8月6日","855.30","855.30","855.30","855.30","-","0.06%"
"2018年8月3日","854.80","856.00","858.70","854.70","0.02K","-0.14%"
"2018年8月2日","856.00","858.00","858.00","855.00","0.05K","-1.39%"
"2018年8月1日","868.10","868.10","868.10","868.10","-","0.06%"
"2018年7月31日","867.60","866.00","868.30","866.00","0.02K","-0.29%"
"2018年7月30日","870.10","872.70","872.70","870.10","0.02K","0.42%"
"2018年7月26日","866.50","866.50","866.50","866.50","-","2.06%"
"2018年7月20日","849.00","859.00","859.00","849.00","0.02K","-1.12%"
"2018年7月19日","858.60","860.70","860.70","858.60","0.03K","-0.58%"
"2018年7月18日","863.60","862.70","865.00","862.70","0.04K","0.61%"
"2018年7月17日","858.40","856.10","858.40","853.50","0.09K","0.91%"
"2018年7月16日","850.70","855.80","856.10","850.70","0.06K","0.08%"
"2018年7月13日","850.00","845.80","851.20","845.80","0.03K","0.91%"
"2018年7月12日","842.30","840.30","842.30","840.30","0.02K","0.57%"
"2018年7月11日","837.50","833.90","837.50","833.90","0.09K","-0.75%"
"2018年7月10日","843.80","843.80","843.80","843.80","-","2.33%"
"2018年7月6日","824.60","824.60","824.60","824.60","-","-0.10%"
"2018年7月5日","825.40","823.80","826.80","823.80","0.16K","0.88%"
"2018年7月4日","818.20","818.80","818.80","818.00","0.04K","-0.61%"
"2018年7月3日","823.20","824.00","824.00","823.20","0.01K","0.76%"
"2018年7月2日","817.00","818.00","818.00","817.00","0.01K","-1.42%"
"2018年6月29日","828.80","825.60","828.80","825.60","0.01K","1.78%"
"2018年6月28日","814.30","814.70","814.70","814.30","0.05K","-1.52%"
"2018年6月27日","826.90","811.00","826.90","807.80","0.19K","1.39%"
"2018年6月26日","815.60","818.40","818.40","815.60","0.01K","-0.86%"
"2018年6月25日","822.70","827.00","827.00","821.80","0.01K","-2.44%"
"2018年6月20日","843.30","845.50","845.90","843.30","0.02K","0.15%"
"2018年6月19日","842.00","838.70","842.10","838.70","0.17K","-1.67%"
"2018年6月18日","856.30","856.30","856.30","856.30","-","-1.13%"
"2018年6月15日","866.10","866.20","866.20","866.10","0.01K","1.18%"
"2018年6月14日","856.00","854.70","856.00","854.70","0.33K","0.79%"
"2018年6月5日","849.30","849.30","849.30","849.30","-","0.02%"
"2018年6月4日","849.10","849.30","849.80","846.10","0.19K","0.46%"
"2018年6月1日","845.20","845.40","845.40","845.20","0.01K","1.00%"
"2018年5月31日","836.80","838.20","838.20","836.80","0.01K","-0.43%"
"2018年5月29日","840.40","841.10","841.10","840.40","0.08K","-0.94%"
"2018年5月28日","848.40","847.40","848.40","847.40","0.04K","-1.45%"
"2018年5月22日","860.90","860.90","860.90","860.90","-","0.91%"
"2018年5月18日","853.10","853.40","853.40","853.10","0.00K","0.28%"
"2018年5月17日","850.70","850.70","850.70","850.70","-","0.87%"
"2018年5月14日","843.40","843.40","843.40","843.40","-","-0.83%"
"2018年5月10日","850.50","850.50","850.50","850.50","-","0.59%"
"2018年5月9日","845.50","845.50","845.50","845.50","-","1.06%"
"2018年5月8日","836.60","836.60","836.60","836.60","-","0.64%"
"2018年5月4日","831.30","832.00","832.00","831.30","0.03K","0.17%"
"2018年5月3日","829.90","828.50","829.90","828.50","0.02K","-0.08%"
"2018年5月2日","830.60","826.90","830.60","826.90","0.02K","1.48%"
"2018年4月30日","818.50","819.30","819.80","818.50","0.02K","0.32%"
"2018年4月27日","815.90","817.10","819.40","815.90","0.01K","0.85%"
"2018年4月26日","809.00","809.00","809.00","809.00","-","0.35%"
"2018年4月25日","806.20","810.40","810.40","802.20","0.07K","-1.14%"
"2018年4月24日","815.50","815.00","816.30","814.60","0.01K","-0.72%"
"2018年4月23日","821.40","821.40","821.40","821.40","-","0.11%"
"2018年4月20日","820.50","822.10","822.50","820.50","0.04K","0.13%"
"2018年4月19日","819.40","818.80","819.40","818.80","0.03K","2.11%"
"2018年4月13日","802.50","802.50","802.50","802.50","-","0.44%"
"2018年4月11日","799.00","799.00","799.00","799.00","-","-0.25%"
"2018年4月10日","801.00","801.20","801.20","799.30","0.03K","0.73%"
"2018年4月9日","795.20","797.60","797.60","795.20","0.00K","0.40%"
"2018年4月6日","792.00","792.10","794.60","792.00","0.16K","-0.43%"
"2018年4月5日","795.40","795.40","795.40","795.40","-","2.96%"
"2018年4月4日","772.50","772.50","772.50","772.50","-","-1.38%"
"2018年4月3日","783.30","783.10","783.90","783.10","0.01K","0.05%"
"2018年3月28日","782.90","774.70","782.90","774.30","0.08K","-0.36%"
"2018年3月27日","785.70","787.00","789.40","784.40","0.04K","1.77%"
"2018年3月26日","772.00","782.30","782.70","772.00","0.03K","-1.13%"
"2018年3月23日","780.80","775.50","783.10","775.50","0.08K","-1.26%"
"2018年3月22日","790.80","790.80","790.80","790.80","-","-1.57%"
"2018年3月19日","803.40","803.40","803.40","803.40","-","-0.95%"
"2018年3月16日","811.10","809.90","812.30","809.90","0.07K","-0.21%"
"2018年3月15日","812.80","811.00","812.80","811.00","0.14K","0.56%"
"2018年3月13日","808.30","816.60","816.60","808.30","0.04K","-1.20%"
"2018年3月12日","818.10","816.80","818.10","816.80","0.12K","-1.12%"
"2018年3月9日","827.40","817.20","827.40","817.20","0.07K","0.80%"
"2018年3月8日","820.80","814.60","820.80","814.50","0.05K","1.60%"
"2018年3月7日","807.90","802.00","807.90","802.00","0.02K","0.30%"
"2018年3月6日","805.50","809.70","809.70","804.60","0.24K","0.85%"
"2018年3月5日","798.70","792.00","798.70","792.00","0.01K","1.24%"
"2018年3月2日","788.90","805.00","805.00","788.90","0.07K","-2.05%"
"2018年3月1日","805.40","813.90","813.90","805.40","0.01K","-2.47%"
"2018年2月28日","825.80","825.80","825.80","825.80","-","-0.51%"
"2018年2月27日","830.00","825.80","830.00","825.80","0.01K","-0.18%"
"2018年2月26日","831.50","832.40","832.40","831.50","0.02K","0.57%"
"2018年2月23日","826.80","826.80","826.80","826.80","-","0.07%"
"2018年2月22日","826.20","826.20","826.20","826.20","-","-0.51%"
"2018年2月21日","830.40","824.60","830.40","824.60","0.03K","0.16%"
"2018年2月20日","829.10","823.50","829.10","823.50","0.03K","0.94%"
"2018年2月16日","821.40","823.20","823.20","821.40","0.05K","1.26%"
"2018年2月15日","811.20","812.40","816.80","811.20","0.05K","2.98%"
"2018年2月14日","787.70","794.90","794.90","787.70","0.03K","-0.25%"
"2018年2月13日","789.70","790.70","790.70","789.70","0.03K","-0.29%"
"2018年2月12日","792.00","792.30","792.30","789.20","0.01K","1.18%"
"2018年2月9日","782.80","791.60","791.60","782.50","0.16K","-1.67%"
"2018年2月8日","796.10","809.10","809.10","794.50","0.04K","-0.80%"
"2018年2月7日","802.50","802.10","802.50","802.10","0.01K","0.36%"
"2018年2月6日","799.60","802.40","802.40","797.10","0.07K","-3.99%"
"2018年2月2日","832.80","832.80","832.80","832.80","-","-1.19%"
"2018年2月1日","842.80","854.80","854.80","842.80","0.02K","-0.77%"
"2018年1月31日","849.30","849.30","849.30","849.30","-","0.69%"
"2018年1月30日","843.50","843.40","843.50","843.40","0.01K","-2.21%"
"2018年1月23日","862.60","865.30","865.30","862.60","0.02K","-0.07%"
"2018年1月22日","863.20","863.10","863.20","862.20","0.01K","0.27%"
"2018年1月19日","860.90","857.60","862.70","857.50","0.05K","0.89%"
"2018年1月18日","853.30","853.70","854.10","853.00","0.01K","0.42%"
"2018年1月17日","849.70","850.50","853.50","849.60","0.03K","-0.19%"
"2018年1月16日","851.30","850.80","853.80","850.80","0.01K","0.20%"
"2018年1月15日","849.60","848.60","849.60","848.60","0.01K","-0.05%"
"2018年1月12日","850.00","850.00","850.00","850.00","-","0.34%"
"2018年1月11日","847.10","851.00","851.00","847.10","0.01K","0.05%"
"2018年1月10日","846.70","849.60","850.00","846.70","0.02K","-0.47%"
"2018年1月9日","850.70","850.70","850.70","850.70","-","0.60%"
"2018年1月8日","845.60","843.90","845.60","843.40","0.03K","0.69%"
"2018年1月5日","839.80","838.40","840.70","837.50","0.03K","0.72%"
"2018年1月4日","833.80","830.60","833.80","829.60","0.04K","1.51%"
"2018年1月3日","821.40","815.70","821.40","815.70","0.02K","1.06%"
"2018年1月2日","812.80","809.40","812.80","808.50","0.05K","-0.18%"
"2017年12月29日","814.30","817.50","817.50","814.30","0.04K","-0.51%"
"2017年12月28日","818.50","821.40","821.50","818.50","0.03K","-0.13%"
"2017年12月27日","819.60","820.90","820.90","819.60","0.00K","-0.26%"
"2017年12月22日","821.70","821.60","821.70","821.60","0.00K","0.31%"
"2017年12月21日","819.20","818.60","819.20","818.60","0.01K","-0.18%"
"2017年12月20日","820.70","825.70","825.90","820.70","0.01K","-0.57%"
"2017年12月19日","825.40","827.90","829.60","825.30","0.09K","-0.16%"
"2017年12月18日","826.70","824.70","828.30","824.70","0.08K","1.21%"
"2017年12月14日","816.80","813.80","816.80","813.80","0.02K","-0.24%"
"2017年12月13日","818.80","818.80","818.80","818.80","0.03K","0.37%"
"2017年12月12日","815.80","815.80","815.80","815.80","0.27K","-1.34%"
"2017年12月8日","826.90","825.90","826.90","825.90","0.08K","0.57%"
"2017年12月7日","822.20","820.10","822.20","820.10","0.00K","0.06%"
"2017年12月6日","821.70","821.70","821.70","821.70","0.02K","-0.39%"
"2017年12月4日","824.90","820.60","826.70","820.60","0.05K","1.36%"
"2017年12月1日","813.80","823.60","823.60","813.80","0.03K","-1.50%"
"2017年11月30日","826.20","825.10","826.20","823.70","0.02K","0.11%"
"2017年11月29日","825.30","825.90","827.50","824.80","0.04K","0.90%"
"2017年11月28日","817.90","814.90","817.90","814.70","0.01K","-0.11%"
"2017年11月27日","818.80","820.00","820.00","818.80","0.01K","0.17%"
"2017年11月24日","817.40","816.40","817.40","815.90","0.02K","0.06%"
"2017年11月23日","816.90","810.10","817.00","810.10","0.02K","0.52%"
"2017年11月22日","812.70","817.00","817.00","812.70","0.01K","-0.54%"
"2017年11月21日","817.10","813.50","819.00","813.50","0.03K","0.39%"
"2017年11月20日","813.90","809.10","813.90","808.40","0.05K","0.12%"
"2017年11月17日","812.90","812.50","814.40","812.50","0.00K","-0.20%"
"2017年11月16日","814.50","814.40","814.50","814.40","0.00K","0.79%"
"2017年11月15日","808.10","805.20","808.10","804.40","0.07K","-0.50%"
"2017年11月14日","812.20","810.80","812.20","810.80","0.04K","0.52%"
"2017年11月13日","808.00","807.00","808.00","807.00","0.08K","-0.93%"
"2017年11月10日","815.60","819.30","819.30","815.40","0.04K","-0.63%"
"2017年11月9日","820.80","829.50","829.50","820.80","0.04K","-1.48%"
"2017年11月8日","833.10","839.90","839.90","833.10","0.01K","-0.83%"
"2017年11月7日","840.10","844.50","844.50","839.90","0.01K","-0.46%"
"2017年11月6日","844.00","844.60","844.60","844.00","0.01K","0.60%"
"2017年11月2日","839.00","843.90","843.90","839.00","0.01K","-1.07%"
"2017年11月1日","848.10","848.10","848.10","848.10","0.02K","0.71%"
"2017年10月31日","842.10","833.70","842.10","833.70","0.04K","1.40%"
"2017年10月27日","830.50","830.50","830.50","830.50","0.01K","0.81%"
"2017年10月26日","823.80","813.20","823.80","813.20","0.02K","1.82%"
"2017年10月25日","809.10","812.00","812.00","809.10","0.01K","-0.52%"
"2017年10月24日","813.30","813.30","813.30","813.30","0.00K","0.04%"
"2017年10月23日","813.00","815.20","815.20","813.00","0.01K","-0.29%"
"2017年10月20日","815.40","814.10","815.40","814.10","0.02K","0.46%"
"2017年10月19日","811.70","815.80","815.80","810.20","0.07K","-0.81%"
"2017年10月18日","818.30","817.10","818.80","817.10","0.19K","0.22%"
"2017年10月17日","816.50","816.50","816.50","813.80","0.03K","0.36%"
"2017年10月16日","813.60","811.60","814.00","811.60","0.04K","-0.02%"
"2017年10月13日","813.80","814.00","814.00","812.40","0.08K","0.04%"
"2017年10月12日","813.50","813.50","813.50","813.50","0.00K","-0.05%"
"2017年10月11日","813.90","814.80","815.20","813.30","0.05K","0.06%"
"2017年10月10日","813.40","811.90","813.70","811.50","0.20K","-0.32%"
"2017年10月5日","816.00","818.40","818.40","814.10","0.09K","-0.33%"
"2017年10月4日","818.70","816.60","818.70","816.60","0.00K","-0.18%"
"2017年10月3日","820.20","819.40","820.20","819.40","0.03K","0.63%"
"2017年10月2日","815.10","814.40","815.30","814.40","0.01K","0.57%"
"2017年9月29日","810.50","809.60","810.50","809.50","0.01K","0.10%"
"2017年9月28日","809.70","808.50","809.70","807.60","0.01K","0.55%"
"2017年9月27日","805.30","805.20","805.30","805.10","0.00K","0.68%"
"2017年9月25日","799.90","802.60","803.20","799.90","0.01K","-0.02%"
"2017年9月22日","800.10","799.10","802.80","799.10","0.01K","0.01%"
"2017年9月21日","800.00","798.10","800.00","798.10","0.00K","0.44%"
"2017年9月20日","796.50","796.50","796.50","796.50","0.00K","0.15%"
"2017年9月19日","795.30","795.50","796.80","795.30","0.05K","-0.03%"
"2017年9月18日","795.50","794.80","795.50","794.80","0.03K","0.38%"
"2017年9月15日","792.50","791.80","792.60","791.60","0.01K","0.06%"
"2017年9月14日","792.00","789.60","792.00","789.60","0.05K","0.37%"
"2017年9月13日","789.10","789.20","789.20","789.10","0.03K","0.27%"
"2017年9月12日","787.00","786.40","787.70","786.40","0.16K","0.47%"
"2017年9月11日","783.30","783.70","784.30","783.20","0.15K","1.45%"
"2017年9月7日","772.10","770.80","772.10","770.80","0.04K","-0.01%"
"2017年9月5日","772.20","773.60","773.60","772.20","0.03K","0.78%"
"2017年9月4日","766.20","766.10","766.20","766.10","0.01K","-0.58%"
"2017年9月1日","770.70","769.80","770.70","769.80","0.00K","3.17%"
"2017年8月29日","747.00","746.10","747.00","746.10","0.01K","-2.63%"
"2017年8月24日","767.20","767.40","767.40","767.20","0.00K","-0.34%"
"2017年8月22日","769.80","769.80","769.80","769.80","0.00K","1.08%"
"2017年8月21日","761.60","761.60","761.60","761.60","0.00K","-0.24%"
"2017年8月18日","763.40","763.50","763.50","763.40","0.01K","-0.08%"
"2017年8月14日","764.00","759.80","764.00","759.80","0.06K","1.10%"
"2017年8月11日","755.70","751.30","755.80","750.70","0.09K","-0.38%"
"2017年8月10日","758.60","761.60","761.60","758.60","0.01K","-1.04%"
"2017年8月9日","766.60","769.40","769.40","764.30","0.01K","-0.88%"
"2017年8月8日","773.40","772.90","773.50","770.70","0.01K","0.17%"
"2017年8月4日","772.10","763.10","772.10","763.10","0.01K","0.91%"
"2017年8月3日","765.10","763.00","765.10","763.00","0.01K","-0.30%"
"2017年8月2日","767.40","771.80","771.80","767.40","0.01K","-0.30%"
"2017年8月1日","769.70","767.80","769.70","767.80","0.03K","0.40%"
"2017年7月31日","766.60","766.30","766.60","766.30","0.01K","-1.05%"
"2017年7月27日","774.70","774.00","774.70","774.00","0.01K","-0.23%"
"2017年7月26日","776.50","774.80","776.50","774.80","0.00K","0.69%"
"2017年7月25日","771.20","771.00","771.90","771.00","0.03K","0.59%"
"2017年7月24日","766.70","769.20","769.70","765.70","0.06K","0.07%"
"2017年7月21日","766.20","773.00","773.50","765.80","0.05K","-1.50%"
"2017年7月20日","777.90","784.50","784.50","777.90","0.00K","-0.12%"
"2017年7月19日","778.80","780.50","781.10","778.70","0.03K","-0.15%"
"2017年7月18日","780.00","784.60","784.60","779.70","0.02K","-1.07%"
"2017年7月17日","788.40","788.50","788.60","785.10","0.01K","-0.13%"
"2017年7月14日","789.40","791.60","791.60","789.40","0.01K","-0.09%"
"2017年7月13日","790.10","791.80","793.50","790.10","0.02K","0.08%"
"2017年7月12日","789.50","789.50","789.50","789.50","0.02K","0.86%"
"2017年7月10日","782.80","780.80","782.80","780.80","0.01K","1.11%"
"2017年7月7日","774.20","774.20","774.20","774.20","0.00K","-0.36%"
"2017年7月6日","777.00","779.90","779.90","777.00","0.01K","-0.65%"
"2017年7月5日","782.10","780.00","782.10","780.00","0.01K","0.26%"
"2017年7月4日","780.10","779.00","780.10","777.30","0.01K","1.10%"
"2017年6月30日","771.60","768.80","774.80","768.80","0.01K","0.16%"
"2017年6月29日","770.40","784.40","784.40","770.40","0.02K","-1.85%"
"2017年6月28日","784.90","782.40","786.70","780.50","0.01K","-0.58%"
"2017年6月27日","789.50","793.90","793.90","789.50","0.00K","-1.02%"
"2017年6月26日","797.60","799.20","799.50","797.60","0.36K","0.45%"
"2017年6月22日","794.00","791.80","794.30","790.90","1.01K","0.09%"
"2017年6月21日","793.30","789.20","793.30","789.20","0.01K","1.45%"
"2017年6月15日","782.00","780.50","782.00","780.50","0.01K","-1.11%"
"2017年6月14日","790.80","790.80","790.80","790.80","0.04K","0.84%"
"2017年6月13日","784.20","783.80","784.40","783.80","0.87K","-1.21%"
"2017年6月9日","793.80","793.30","794.00","791.10","0.01K","0.58%"
"2017年6月8日","789.20","788.40","789.60","788.10","0.01K","0.10%"
"2017年6月7日","788.40","788.40","788.40","788.40","0.02K","-1.05%"
"2017年6月2日","796.80","796.80","796.80","796.80","0.00K","1.10%"
"2017年5月31日","788.10","787.50","790.10","787.50","0.01K","0.79%"
"2017年5月30日","781.90","782.00","782.00","781.90","0.15K","0.14%"
"2017年5月29日","780.80","780.30","780.80","780.30","0.00K","-0.22%"
"2017年5月26日","782.50","781.20","782.50","779.00","0.01K","0.97%"
"2017年5月24日","775.00","775.00","775.50","775.00","0.02K","-0.54%"
"2017年5月23日","779.20","776.20","779.80","776.20","0.56K","0.43%"
"2017年5月22日","775.90","775.90","775.90","775.90","0.02K","0.13%"
"2017年5月19日","774.90","775.50","775.50","774.90","0.03K","0.61%"
"2017年5月18日","770.20","771.30","771.30","766.90","0.03K","-1.34%"
"2017年5月17日","780.70","783.90","788.20","780.70","0.01K","-1.10%"
"2017年5月16日","789.40","787.70","790.10","787.60","0.02K","0.42%"
"2017年5月15日","786.10","784.00","786.10","783.70","0.01K","0.24%"
"2017年5月12日","784.20","782.70","784.30","782.70","0.02K","0.06%"
"2017年5月11日","783.70","786.50","787.50","783.70","0.01K","-0.65%"
"2017年5月10日","788.80","788.80","788.80","788.80","0.55K","-0.50%"
"2017年5月8日","792.80","792.80","792.80","792.80","0.00K","-0.16%"
"2017年5月5日","794.10","788.30","794.10","788.30","0.05K","0.76%"
"2017年5月4日","788.10","782.70","788.10","782.70","0.02K","0.95%"
"2017年5月3日","780.70","782.20","782.20","780.70","0.01K","-0.80%"
"2017年5月2日","787.00","785.40","787.00","785.40","0.00K","1.01%"
"2017年4月27日","779.10","779.10","779.10","779.10","0.07K","0.09%"
"2017年4月26日","778.40","775.90","778.90","775.90","0.01K","0.13%"
"2017年4月25日","777.40","777.30","777.40","777.30","0.03K","0.57%"
"2017年4月24日","773.00","767.50","773.00","767.50","0.09K","3.29%"
"2017年4月21日","748.40","748.40","748.40","748.40","0.00K","0.88%"
"2017年4月18日","741.90","745.00","745.00","740.50","0.01K","-1.22%"
"2017年4月12日","751.10","752.00","752.00","751.10","0.01K","0.56%"
"2017年4月11日","746.90","750.70","751.20","746.90","0.05K","-0.33%"
"2017年4月10日","749.40","749.40","749.40","749.40","0.00K","-0.37%"
"2017年4月7日","752.20","747.20","752.20","746.80","0.89K","0.33%"
"2017年4月5日","749.70","746.80","749.70","746.80","0.01K","0.35%"
"2017年4月4日","747.10","744.90","747.10","744.90","0.01K","-0.01%"
"2017年4月3日","747.20","747.10","747.20","747.10","0.02K","0.46%"
"2017年3月31日","743.80","743.80","743.80","743.80","0.00K","0.79%"
"2017年3月30日","738.00","738.00","738.00","738.00","0.35K","0.23%"
"2017年3月29日","736.30","734.50","736.30","734.50","0.03K","1.08%"
"2017年3月24日","728.40","728.40","728.40","728.40","0.01K","-0.14%"
"2017年3月23日","729.40","719.80","729.40","719.80","0.01K","1.47%"
"2017年3月22日","718.80","718.80","718.80","718.80","0.01K","-1.29%"
"2017年3月21日","728.20","732.60","732.80","728.20","0.03K","-0.15%"
"2017年3月20日","729.30","729.30","729.30","729.30","0.00K","0.05%"
"2017年3月17日","728.90","726.10","728.90","726.10","0.02K","0.39%"
"2017年3月16日","726.10","726.70","726.80","725.10","0.11K","0.64%"
"2017年3月15日","721.50","721.50","721.50","721.50","0.30K","0.28%"
"2017年3月14日","719.50","719.80","719.80","719.50","0.02K","-1.32%"
"2017年3月13日","729.10","728.50","729.10","728.50","0.39K","-0.04%"
"2017年3月10日","729.40","731.60","731.60","729.40","0.03K","0.27%"
"2017年3月9日","727.40","726.90","727.50","726.90","0.10K","-0.42%"
"2017年3月8日","730.50","729.80","730.50","727.80","0.03K","-0.30%"
"2017年3月3日","732.70","731.00","732.70","731.00","0.00K","-0.31%"
"2017年3月1日","735.00","730.20","735.00","729.60","0.20K","1.42%"
"2017年2月28日","724.70","724.70","724.70","724.70","0.00K","0.83%"
"2017年2月27日","718.70","718.80","718.90","718.60","0.08K","0.18%"
"2017年2月24日","717.40","723.30","723.30","716.70","0.08K","-1.27%"
"2017年2月23日","726.60","726.60","726.60","726.60","0.01K","-0.32%"
"2017年2月22日","728.90","730.60","730.60","728.90","0.00K","0.12%"
"2017年2月21日","728.00","721.40","728.00","721.40","0.18K","1.01%"
"2017年2月20日","720.70","720.40","720.70","720.40","0.02K","0.83%"
"2017年2月17日","714.80","721.10","721.10","714.70","0.10K","-0.76%"
"2017年2月16日","720.30","721.70","721.70","720.30","0.03K","-0.65%"
"2017年2月15日","725.00","725.10","725.10","722.00","0.08K","0.54%"
"2017年2月14日","721.10","719.60","721.10","719.60","0.03K","0.12%"
"2017年2月13日","720.20","715.00","720.20","715.00","0.17K","1.05%"
"2017年2月10日","712.70","714.20","714.90","712.50","0.14K","0.14%"
"2017年2月9日","711.70","708.40","711.80","708.40","0.00K","0.13%"
"2017年2月8日","710.80","710.80","710.80","710.80","0.00K","0.21%"
"2017年2月7日","709.30","703.00","709.30","703.00","0.02K","-0.18%"
"2017年2月6日","710.60","710.20","710.60","710.20","0.01K","0.01%"
"2017年2月3日","710.50","710.50","710.50","710.50","0.00K","0.10%"
"2017年2月2日","709.80","709.10","709.80","709.10","0.02K","-0.17%"
"2017年2月1日","711.00","706.40","711.90","706.40","0.01K","1.48%"
"2017年1月31日","700.60","704.40","704.40","700.60","0.04K","-0.54%"
"2017年1月30日","704.40","706.00","706.00","704.40","0.01K","-1.19%"
"2017年1月27日","712.90","712.90","712.90","712.90","0.00K","-0.17%"
"2017年1月26日","714.10","716.50","716.90","713.50","0.05K","1.18%"
"2017年1月23日","705.80","705.90","706.40","705.00","0.01K","-0.17%"
"2017年1月20日","707.00","707.80","707.80","706.40","0.05K","0.23%"
"2017年1月19日","705.40","707.30","709.70","705.40","0.01K","0.27%"
"2017年1月18日","703.50","702.00","703.50","701.00","0.16K","-0.24%"
"2017年1月17日","705.20","701.80","705.20","701.50","0.08K","-0.59%"
"2017年1月13日","709.40","709.40","709.40","709.40","0.00K","0.70%"
"2017年1月12日","704.50","704.50","704.50","704.50","0.00K","0.21%"
"2017年1月11日","703.00","704.60","704.60","703.00","0.00K","-0.62%"
"2017年1月10日","707.40","706.80","708.60","706.80","0.01K","0.77%"
"2017年1月9日","702.00","703.60","703.60","701.40","0.05K","-0.28%"
"2017年1月6日","704.00","704.00","704.00","704.00","0.00K","0.28%"
"2017年1月5日","702.00","703.40","703.40","700.40","0.02K","0.47%"
"2017年1月4日","698.70","702.90","702.90","698.70","0.01K","-0.89%"
"2017年1月3日","705.00","706.80","707.40","703.30","0.01K","0.95%"
"2016年12月30日","698.40","698.40","698.40","698.40","0.02K","0.16%"
"2016年12月29日","697.30","697.20","697.30","697.20","0.02K","-0.09%"
"2016年12月27日","697.90","698.10","698.10","697.90","0.02K","0.42%"
"2016年12月21日","695.00","695.00","695.00","695.00","0.00K","0.03%"
"2016年12月20日","694.80","692.80","694.80","692.80","0.02K","0.03%"
"2016年12月19日","694.60","694.60","694.60","694.60","0.00K","-0.39%"
"2016年12月16日","697.30","696.30","697.30","696.30","0.00K","0.23%"
"2016年12月15日","695.70","690.30","695.70","690.30","0.08K","0.93%"
"2016年12月14日","689.30","689.30","689.30","689.30","0.36K","0.26%"
"2016年12月9日","687.50","687.40","687.50","685.70","0.01K","0.06%"
"2016年12月8日","687.10","683.90","687.10","681.60","0.05K","1.09%"
"2016年12月7日","679.70","678.70","679.70","678.70","0.08K","1.45%"
"2016年12月6日","670.00","670.00","670.00","670.00","0.04K","-0.36%"
"2016年12月5日","672.40","668.50","672.40","668.50","0.10K","1.68%"
"2016年12月2日","661.30","658.30","661.30","657.80","0.02K","-0.82%"
"2016年12月1日","666.80","666.80","666.80","666.80","0.00K","-0.37%"
"2016年11月30日","669.30","667.30","669.30","667.30","0.07K","0.84%"
"2016年11月28日","663.70","664.20","664.20","663.70","0.00K","-0.42%"
"2016年11月25日","666.50","665.40","666.50","664.50","0.06K","0.33%"
"2016年11月24日","664.30","663.80","665.80","663.80","0.08K","0.09%"
"2016年11月23日","663.70","664.90","664.90","663.70","0.02K","-0.14%"
"2016年11月22日","664.60","665.90","665.90","663.20","0.04K","0.58%"
"2016年11月21日","660.80","660.00","662.10","660.00","0.01K","0.41%"
"2016年11月18日","658.10","658.10","658.10","658.10","0.01K","0.24%"
"2016年11月17日","656.50","656.50","656.50","656.50","0.00K","-0.12%"
"2016年11月16日","657.30","659.70","660.80","655.80","0.02K","-0.35%"
"2016年11月15日","659.60","663.00","663.00","657.20","0.03K","0.08%"
"2016年11月14日","659.10","664.40","664.40","657.60","0.04K","0.70%"
"2016年11月11日","654.50","660.40","660.40","654.50","0.02K","-0.94%"
"2016年11月10日","660.70","664.20","670.30","660.70","0.04K","1.55%"
"2016年11月9日","650.60","638.60","650.60","638.20","0.12K","1.13%"
"2016年11月8日","643.30","645.80","645.80","643.30","0.04K","0.03%"
"2016年11月7日","643.10","641.60","643.40","641.60","0.07K","1.76%"
"2016年11月4日","632.00","634.70","634.70","629.60","0.35K","-0.71%"
"2016年11月3日","636.50","637.10","641.50","636.50","0.28K","-0.42%"
"2016年11月2日","639.20","640.00","640.80","639.20","0.22K","-1.21%"
"2016年11月1日","647.00","652.80","652.80","647.00","0.00K","-1.16%"
"2016年10月31日","654.60","654.30","654.60","654.30","0.73K","0.14%"
"2016年10月28日","653.70","653.70","653.70","653.70","0.00K","-0.38%"
"2016年10月27日","656.20","659.80","662.00","656.20","0.06K","-0.71%"
"2016年10月26日","660.90","659.00","660.90","659.00","0.02K","-0.83%"
"2016年10月24日","666.40","669.40","669.40","666.40","0.05K","0.59%"
"2016年10月21日","662.50","661.90","662.90","661.90","0.05K","-0.09%"
"2016年10月20日","663.10","663.10","663.10","663.10","0.00K","0.24%"
"2016年10月19日","661.50","661.50","661.50","661.50","0.00K","-0.03%"
"2016年10月18日","661.70","659.50","662.60","659.50","0.02K","1.04%"
"2016年10月17日","654.90","655.70","655.70","654.90","0.00K","-0.29%"
"2016年10月14日","656.80","656.90","656.90","656.40","0.00K","1.59%"
"2016年10月13日","646.50","646.50","646.50","646.50","0.00K","-1.24%"
"2016年10月12日","654.60","657.00","657.00","654.10","0.00K","-0.92%"
"2016年10月11日","660.70","659.10","660.70","659.10","0.01K","-0.18%"
"2016年10月10日","661.90","655.10","661.90","655.10","0.72K","0.58%"
"2016年10月7日","658.10","658.10","658.10","658.10","0.08K","-0.81%"
"2016年10月6日","663.50","665.70","665.70","661.50","0.11K","0.14%"
"2016年10月5日","662.60","658.20","662.60","658.20","0.01K","-0.38%"
"2016年10月4日","665.10","660.60","665.10","660.60","0.07K","0.77%"
"2016年9月30日","660.00","647.00","660.00","645.60","0.02K","0.67%"
"2016年9月29日","655.60","662.70","662.70","655.60","0.01K","-0.32%"
"2016年9月28日","657.70","659.50","660.80","657.70","0.01K","0.89%"
"2016年9月27日","651.90","654.30","654.30","650.60","0.04K","-0.73%"
"2016年9月26日","656.70","659.80","659.80","656.70","0.01K","-1.54%"
"2016年9月23日","667.00","667.40","667.40","666.20","0.09K","-0.30%"
"2016年9月22日","669.00","662.80","670.00","662.80","0.05K","2.00%"
"2016年9月21日","655.90","658.60","658.60","655.30","0.07K","0.43%"
"2016年9月20日","653.10","655.20","656.60","653.10","0.03K","-0.14%"
"2016年9月19日","654.00","654.30","654.30","654.00","0.02K","1.25%"
"2016年9月16日","645.90","645.90","645.90","645.90","0.03K","-0.58%"
"2016年9月14日","649.70","648.80","649.70","648.80","0.72K","-0.44%"
"2016年9月13日","652.60","652.60","652.60","652.60","0.46K","-0.97%"
"2016年9月9日","659.00","666.10","666.10","659.00","0.20K","-1.11%"
"2016年9月8日","666.40","671.60","671.60","663.80","0.00K","-0.80%"
"2016年9月6日","671.80","672.90","672.90","671.80","0.01K","0.31%"
"2016年9月5日","669.70","670.90","671.30","669.70","0.01K","0.80%"
"2016年9月2日","664.40","661.70","664.40","661.70","0.04K","0.83%"
"2016年9月1日","658.90","662.70","663.00","658.90","0.01K","-0.11%"
"2016年8月31日","659.60","659.60","659.60","659.60","0.00K","-0.66%"
"2016年8月30日","664.00","663.10","664.00","663.10","0.02K","0.17%"
"2016年8月26日","662.90","656.90","662.90","656.90","0.13K","0.87%"
"2016年8月25日","657.20","655.80","659.20","655.80","0.03K","-0.65%"
"2016年8月24日","661.50","658.40","663.80","658.40","0.03K","1.82%"
"2016年8月22日","649.70","655.20","658.40","649.70","0.08K","-1.61%"
"2016年8月15日","660.30","661.60","661.60","660.30","0.04K","1.09%"
"2016年8月10日","653.20","653.00","653.20","653.00","0.01K","0.12%"
"2016年8月9日","652.40","651.40","652.40","651.40","0.04K","1.02%"
"2016年8月8日","645.80","645.80","645.80","645.80","0.02K","1.29%"
"2016年8月5日","637.60","634.00","637.60","634.00","0.08K","0.76%"
"2016年8月4日","632.80","634.60","634.60","632.20","0.00K","1.33%"
"2016年8月3日","624.50","624.30","624.50","622.20","0.12K","-0.62%"
"2016年8月2日","628.40","628.50","628.50","626.40","0.03K","-0.76%"
"2016年8月1日","633.20","639.90","639.90","633.20","0.01K","0.13%"
"2016年7月29日","632.40","633.60","634.00","632.40","0.08K","-0.52%"
"2016年7月28日","635.70","638.90","638.90","635.10","0.03K","0.20%"
"2016年7月27日","634.40","636.20","637.00","634.40","0.12K","1.20%"
"2016年7月26日","626.90","625.80","626.90","625.80","0.03K","0.63%"
"2016年7月25日","623.00","620.70","626.60","620.70","0.02K","0.66%"
"2016年7月22日","618.90","620.50","621.70","618.90","0.03K","-0.31%"
"2016年7月21日","620.80","621.20","621.50","616.80","0.05K","-0.02%"
"2016年7月20日","620.90","621.40","621.70","620.00","0.39K","1.12%"
"2016年7月19日","614.00","613.60","614.00","613.60","0.00K","-0.16%"
"2016年7月18日","615.00","618.70","618.70","615.00","0.02K","0.08%"
"2016年7月15日","614.50","612.00","614.50","612.00","0.00K","-0.60%"
"2016年7月14日","618.20","612.70","618.20","612.70","0.11K","1.10%"
"2016年7月13日","611.50","610.00","613.00","610.00","0.10K","0.02%"
"2016年7月12日","611.40","612.40","612.40","611.40","0.13K","0.99%"
"2016年7月11日","605.40","598.60","605.40","597.20","0.01K","2.87%"
"2016年7月8日","588.50","579.60","590.10","579.60","0.06K","1.64%"
"2016年7月7日","579.00","580.80","580.80","579.00","0.01K","1.31%"
"2016年7月6日","571.50","575.50","576.00","571.50","0.01K","-5.21%"
"2016年7月4日","602.90","604.20","604.20","602.90","0.00K","0.13%"
"2016年7月1日","602.10","597.40","603.90","595.90","0.10K","1.18%"
"2016年6月30日","595.10","592.90","595.10","592.90","0.10K","1.04%"
"2016年6月29日","589.00","581.50","589.00","579.80","0.02K","2.12%"
"2016年6月28日","576.80","578.60","579.70","576.80","0.01K","2.63%"
"2016年6月27日","562.00","585.10","585.30","562.00","0.04K","-10.37%"
"2016年6月23日","627.00","625.50","634.50","625.50","0.27K","0.40%"
"2016年6月22日","624.50","620.60","624.90","620.60","0.01K","1.08%"
"2016年6月21日","617.80","617.80","617.80","617.80","0.00K","0.18%"
"2016年6月20日","616.70","611.80","618.80","611.80","0.05K","3.75%"
"2016年6月17日","594.40","594.50","597.30","594.40","0.21K","-4.02%"
"2016年6月10日","619.30","619.80","620.20","619.30","0.03K","-0.88%"
"2016年6月9日","624.80","627.60","627.60","624.40","0.07K","-0.72%"
"2016年6月8日","629.30","629.90","629.90","629.30","0.00K","-0.91%"
"2016年6月7日","635.10","634.10","635.10","634.10","0.14K","-0.11%"
"2016年6月3日","635.80","634.90","635.80","634.90","0.01K","0.30%"
"2016年6月2日","633.90","634.80","634.80","632.90","0.11K","-0.08%"
"2016年6月1日","634.40","634.90","634.90","633.00","0.05K","-0.30%"
"2016年5月31日","636.30","637.80","637.80","636.30","0.12K","-0.14%"
"2016年5月30日","637.20","637.20","637.20","637.20","0.00K","-0.05%"
"2016年5月27日","637.50","634.20","637.80","634.20","0.03K","0.38%"
"2016年5月26日","635.10","633.10","635.10","633.10","0.01K","0.40%"
"2016年5月25日","632.60","630.30","632.60","629.50","0.42K","0.60%"
"2016年5月24日","628.80","615.60","628.80","615.60","0.23K","1.75%"
"2016年5月23日","618.00","614.20","618.00","614.20","0.06K","-0.02%"
"2016年5月20日","618.10","615.70","618.50","615.70","0.05K","1.18%"
"2016年5月19日","610.90","610.10","610.90","608.60","0.00K","-0.59%"
"2016年5月18日","614.50","611.60","614.50","611.60","0.03K","-0.66%"
"2016年5月17日","618.60","618.60","618.60","618.60","0.00K","0.57%"
"2016年5月13日","615.10","608.70","615.10","606.80","0.02K","-0.84%"
"2016年5月12日","620.30","612.20","620.30","612.20","0.07K","0.65%"
"2016年5月11日","616.30","612.70","616.30","612.30","0.01K","0.87%"
"2016年5月10日","611.00","612.30","612.30","611.00","0.00K","0.66%"
"2016年5月9日","607.00","607.10","612.00","607.00","0.28K","-0.12%"
"2016年5月6日","607.70","602.20","607.70","601.30","0.19K","0.20%"
"2016年5月5日","606.50","605.60","606.50","605.20","0.06K","0.51%"
"2016年5月4日","603.40","605.80","608.80","603.40","0.23K","-0.41%"
"2016年5月3日","605.90","609.70","610.80","604.00","0.40K","-1.43%"
"2016年5月2日","614.70","613.70","616.30","613.70","0.04K","0.05%"
"2016年4月29日","614.40","619.10","620.30","614.40","0.08K","-1.55%"
"2016年4月28日","624.10","623.10","624.90","616.60","0.11K","-0.72%"
"2016年4月27日","628.60","623.70","628.60","623.60","0.06K","0.54%"
"2016年4月26日","625.20","628.00","628.00","622.40","0.04K","0.24%"
"2016年4月25日","623.70","628.80","628.80","621.50","0.25K","-0.70%"
"2016年4月22日","628.10","626.50","630.60","626.50","0.12K","-0.11%"
"2016年4月21日","628.80","630.80","631.60","624.20","0.18K","0.37%"
"2016年4月20日","626.50","623.90","626.50","623.90","0.08K","0.21%"
"2016年4月19日","625.20","621.90","625.20","621.90","0.09K","1.82%"
"2016年4月18日","614.00","612.00","614.00","612.00","0.01K","-0.32%"
"2016年4月15日","616.00","616.00","616.00","616.00","0.00K","0.16%"
"2016年4月14日","615.00","616.00","616.00","613.20","0.17K","0.56%"
"2016年4月13日","611.60","607.20","613.10","606.90","0.32K","2.05%"
"2016年4月12日","599.30","599.20","599.30","591.60","0.10K","-0.05%"
"2016年4月11日","599.60","595.30","602.00","595.30","0.19K","0.22%"
"2016年4月8日","598.30","592.50","598.30","591.20","0.03K","1.67%"
"2016年4月7日","588.50","596.80","597.40","588.50","0.07K","-0.86%"
"2016年4月6日","593.60","590.00","593.60","588.60","0.02K","0.29%"
"2016年4月5日","591.90","593.70","593.70","590.00","0.24K","-2.02%"
"2016年4月4日","604.10","603.40","605.70","603.40","0.28K","0.53%"
"2016年4月1日","600.90","600.60","602.20","594.60","0.02K","-1.69%"
"2016年3月31日","611.20","612.20","613.00","609.70","0.02K","-1.02%"
"2016年3月30日","617.50","610.30","618.20","610.10","0.07K","2.20%"
"2016年3月29日","604.20","606.60","606.90","601.30","0.33K","0.53%"
"2016年3月24日","601.00","601.10","601.20","601.00","0.05K","-1.20%"
"2016年3月23日","608.30","615.40","615.50","608.30","0.01K","-0.13%"
"2016年3月22日","609.10","604.10","609.10","600.00","0.03K","0.31%"
"2016年3月21日","607.20","610.50","612.50","605.80","0.03K","0.35%"
"2016年3月18日","605.10","605.80","606.40","605.10","0.02K","0.75%"
"2016年3月15日","600.60","599.60","600.70","598.50","0.14K","-1.88%"
"2016年3月14日","612.10","611.80","614.10","610.30","0.11K","1.27%"
"2016年3月11日","604.40","603.40","605.00","600.30","0.04K","2.22%"
"2016年3月10日","591.30","605.10","605.10","591.30","0.16K","-1.89%"
"2016年3月9日","602.70","602.20","607.10","602.20","0.06K","0.18%"
"2016年3月8日","601.60","601.60","606.30","599.90","0.11K","-0.66%"
"2016年3月7日","605.60","606.20","606.50","602.00","0.04K","-0.31%"
"2016年3月4日","607.50","601.20","608.00","601.20","0.05K","1.25%"
"2016年3月3日","600.00","596.10","600.00","596.10","0.01K","1.21%"
"2016年3月2日","592.80","600.50","602.50","592.80","0.02K","-0.72%"
"2016年3月1日","597.10","588.60","597.10","588.60","0.09K","2.54%"
"2016年2月29日","582.30","576.30","582.30","576.30","0.02K","-0.21%"
"2016年2月26日","583.50","583.80","583.80","583.50","0.01K","1.55%"
"2016年2月25日","574.60","568.60","574.60","568.60","0.02K","1.95%"
"2016年2月24日","563.60","570.10","570.10","559.60","0.22K","-2.37%"
"2016年2月23日","577.30","583.30","583.70","577.30","0.04K","-0.52%"
"2016年2月22日","580.30","575.00","581.00","575.00","0.04K","1.70%"
"2016年2月19日","570.60","574.40","576.00","570.60","0.08K","-0.45%"
"2016年2月18日","573.20","570.30","576.10","570.30","0.01K","0.37%"
"2016年2月17日","571.10","562.80","571.10","562.80","0.00K","3.05%"
"2016年2月16日","554.20","555.90","557.00","554.20","0.04K","0.36%"
"2016年2月15日","552.20","550.00","553.50","549.70","0.01K","3.66%"
"2016年2月12日","532.70","535.00","535.00","531.10","0.01K","-0.34%"
"2016年2月11日","534.50","537.20","537.20","529.30","0.12K","-3.08%"
"2016年2月10日","551.50","555.60","555.60","549.60","0.01K","1.96%"
"2016年2月9日","540.90","542.20","544.20","536.00","0.07K","-1.15%"
"2016年2月8日","547.20","562.40","562.40","546.40","0.03K","-4.42%"
"2016年2月5日","572.50","573.90","578.00","572.50","0.03K","-0.47%"
"2016年2月4日","575.20","574.40","575.40","566.50","0.03K","0.82%"
"2016年2月3日","570.50","573.90","578.10","565.90","0.05K","-1.16%"
"2016年2月2日","577.20","582.00","583.50","577.00","0.04K","-2.37%"
"2016年2月1日","591.20","592.00","592.80","587.70","0.02K","0.19%"
"2016年1月29日","590.10","587.90","590.10","583.60","0.05K","1.97%"
"2016年1月28日","578.70","587.90","588.00","578.10","0.12K","-1.45%"
"2016年1月27日","587.20","587.90","590.20","584.20","0.14K","-0.20%"
"2016年1月26日","588.40","571.50","588.90","571.50","0.06K","2.40%"
"2016年1月25日","574.60","576.40","578.40","574.40","0.21K","-0.78%"
"2016年1月22日","579.10","572.70","580.90","572.70","0.01K","2.70%"
"2016年1月21日","563.90","559.20","563.90","552.70","0.10K","2.23%"
"2016年1月20日","551.60","558.20","558.20","551.60","0.35K","-3.19%"
"2016年1月19日","569.80","571.70","573.50","567.50","0.42K","1.46%"
"2016年1月18日","561.60","567.10","568.00","557.50","0.09K","0.23%"
"2016年1月15日","560.30","576.60","576.60","558.80","0.08K","-3.21%"
"2016年1月14日","578.90","579.70","580.80","570.10","0.09K","-2.10%"
"2016年1月13日","591.30","592.80","592.80","591.30","0.02K","0.60%"
"2016年1月12日","587.80","578.00","588.90","578.00","0.06K","1.21%"
"2016年1月11日","580.80","579.70","580.80","579.70","0.00K","-0.33%"
"2016年1月8日","582.70","590.00","590.60","582.70","0.10K","-0.19%"
"2016年1月7日","583.80","581.70","583.80","578.90","0.22K","-2.13%"
"2016年1月6日","596.50","599.70","599.70","593.70","0.07K","-1.00%"
"2016年1月5日","602.50","604.40","605.30","600.20","0.04K","-0.26%"
"2016年1月4日","604.10","606.00","606.00","600.60","0.01K","-2.82%"